timestamp,attendeeCount,consumption
datetime,int,float
S,T,,
2010-09-01 00:00:00.0,0,4.39
2010-09-01 01:00:00.0,0,4.11
2010-09-01 02:00:00.0,0,4.05
2010-09-01 03:00:00.0,0,4.11
2010-09-01 04:00:00.0,0,4.07
2010-09-01 05:00:00.0,19,24.96
2010-09-01 06:00:00.0,36,44.82
2010-09-01 07:00:00.0,18,38.8
2010-09-01 08:00:00.0,42,42.64
2010-09-01 09:00:00.0,84,44.03
2010-09-01 10:00:00.0,45,43.45
2010-09-01 11:00:00.0,17,39.5
2010-09-01 12:00:00.0,20,38.65
2010-09-01 13:00:00.0,22,37.78
2010-09-01 14:00:00.0,16,37.23
2010-09-01 15:00:00.0,43,39.74
2010-09-01 16:00:00.0,45,40.49
2010-09-01 17:00:00.0,98,42.34
2010-09-01 18:00:00.0,85,46.81
2010-09-01 19:00:00.0,53,45.46
2010-09-01 20:00:00.0,5,43.17
2010-09-01 21:00:00.0,0,33.79
2010-09-01 22:00:00.0,0,30.62
2010-09-01 23:00:00.0,0,21.04
2010-09-02 00:00:00.0,0,4.2
2010-09-02 01:00:00.0,0,4.15
2010-09-02 02:00:00.0,0,4.11
2010-09-02 03:00:00.0,0,4.24
2010-09-02 04:00:00.0,0,4.15
2010-09-02 05:00:00.0,20,24.65
2010-09-02 06:00:00.0,35,47.2
2010-09-02 07:00:00.0,29,41.76
2010-09-02 08:00:00.0,46,40.34
2010-09-02 09:00:00.0,52,41.59
2010-09-02 10:00:00.0,45,40.4
2010-09-02 11:00:00.0,29,40.99
2010-09-02 12:00:00.0,24,38.57
2010-09-02 13:00:00.0,23,38.26
2010-09-02 14:00:00.0,18,38.07
2010-09-02 15:00:00.0,31,38.04
2010-09-02 16:00:00.0,50,38.5
2010-09-02 17:00:00.0,100,43.45
2010-09-02 18:00:00.0,69,49.3
2010-09-02 19:00:00.0,36,43.68
2010-09-02 20:00:00.0,4,34.18
2010-09-02 21:00:00.0,0,31.52
2010-09-02 22:00:00.0,0,32.77
2010-09-02 23:00:00.0,0,12.13
2010-09-03 00:00:00.0,0,4.15
2010-09-03 01:00:00.0,0,4.17
2010-09-03 02:00:00.0,0,4.11
2010-09-03 03:00:00.0,0,4.06
2010-09-03 04:00:00.0,0,4.1
2010-09-03 05:00:00.0,19,19.62
2010-09-03 06:00:00.0,30,46.5
2010-09-03 07:00:00.0,18,42.25
2010-09-03 08:00:00.0,19,38.35
2010-09-03 09:00:00.0,66,41.97
2010-09-03 10:00:00.0,38,44.47
2010-09-03 11:00:00.0,14,38.6
2010-09-03 12:00:00.0,19,38.05
2010-09-03 13:00:00.0,19,40.19
2010-09-03 14:00:00.0,22,38.65
2010-09-03 15:00:00.0,32,38.51
2010-09-03 16:00:00.0,58,40.66
2010-09-03 17:00:00.0,66,41.33
2010-09-03 18:00:00.0,36,42.61
2010-09-03 19:00:00.0,8,41.83
2010-09-03 20:00:00.0,0,29.49
2010-09-03 21:00:00.0,0,20.6
2010-09-03 22:00:00.0,0,4.25
2010-09-03 23:00:00.0,0,4.09
2010-09-04 00:00:00.0,0,4.31
2010-09-04 01:00:00.0,0,4.18
2010-09-04 02:00:00.0,0,4.12
2010-09-04 03:00:00.0,0,4.23
2010-09-04 04:00:00.0,0,4.2
2010-09-04 05:00:00.0,0,3.98
2010-09-04 06:00:00.0,11,4.36
2010-09-04 07:00:00.0,55,47.19
2010-09-04 08:00:00.0,88,43.16
2010-09-04 09:00:00.0,49,47.33
2010-09-04 10:00:00.0,69,49.03
2010-09-04 11:00:00.0,29,45.83
2010-09-04 12:00:00.0,22,40.25
2010-09-04 13:00:00.0,33,38.97
2010-09-04 14:00:00.0,32,40.0
2010-09-04 15:00:00.0,47,40.18
2010-09-04 16:00:00.0,47,39.49
2010-09-04 17:00:00.0,15,41.06
2010-09-04 18:00:00.0,0,16.93
2010-09-04 19:00:00.0,0,4.46
2010-09-04 20:00:00.0,0,4.32
2010-09-04 21:00:00.0,0,4.31
2010-09-04 22:00:00.0,0,27.52
2010-09-04 23:00:00.0,0,24.66
2010-09-05 00:00:00.0,0,4.24
2010-09-05 01:00:00.0,0,4.33
2010-09-05 02:00:00.0,0,4.26
2010-09-05 03:00:00.0,0,4.28
2010-09-05 04:00:00.0,0,4.26
2010-09-05 05:00:00.0,0,4.13
2010-09-05 06:00:00.0,0,4.31
2010-09-05 07:00:00.0,0,4.22
2010-09-05 08:00:00.0,17,5.09
2010-09-05 09:00:00.0,67,50.33
2010-09-05 10:00:00.0,39,47.6
2010-09-05 11:00:00.0,18,44.23
2010-09-05 12:00:00.0,15,40.62
2010-09-05 13:00:00.0,18,39.96
2010-09-05 14:00:00.0,14,38.96
2010-09-05 15:00:00.0,28,41.63
2010-09-05 16:00:00.0,50,44.19
2010-09-05 17:00:00.0,22,44.63
2010-09-05 18:00:00.0,0,23.96
2010-09-05 19:00:00.0,0,16.18
2010-09-05 20:00:00.0,0,16.02
2010-09-05 21:00:00.0,0,16.06
2010-09-05 22:00:00.0,0,29.55
2010-09-05 23:00:00.0,0,11.03
2010-09-06 00:00:00.0,0,11.41
2010-09-06 01:00:00.0,0,4.19
2010-09-06 02:00:00.0,0,4.15
2010-09-06 03:00:00.0,0,4.17
2010-09-06 04:00:00.0,0,4.08
2010-09-06 05:00:00.0,25,26.34
2010-09-06 06:00:00.0,35,47.38
2010-09-06 07:00:00.0,27,44.31
2010-09-06 08:00:00.0,34,44.34
2010-09-06 09:00:00.0,78,46.45
2010-09-06 10:00:00.0,48,48.53
2010-09-06 11:00:00.0,26,42.5
2010-09-06 12:00:00.0,32,41.74
2010-09-06 13:00:00.0,17,41.95
2010-09-06 14:00:00.0,32,41.75
2010-09-06 15:00:00.0,37,40.76
2010-09-06 16:00:00.0,60,42.58
2010-09-06 17:00:00.0,168,47.01
2010-09-06 18:00:00.0,113,51.02
2010-09-06 19:00:00.0,52,46.08
2010-09-06 20:00:00.0,20,40.67
2010-09-06 21:00:00.0,1,35.96
2010-09-06 22:00:00.0,0,32.38
2010-09-06 23:00:00.0,0,32.88
2010-09-07 00:00:00.0,0,25.95
2010-09-07 01:00:00.0,0,30.75
2010-09-07 02:00:00.0,0,12.82
2010-09-07 03:00:00.0,0,4.12
2010-09-07 04:00:00.0,0,4.08
2010-09-07 05:00:00.0,34,25.08
2010-09-07 06:00:00.0,38,48.21
2010-09-07 07:00:00.0,23,44.98
2010-09-07 08:00:00.0,39,37.51
2010-09-07 09:00:00.0,49,48.14
2010-09-07 10:00:00.0,51,45.87
2010-09-07 11:00:00.0,18,43.51
2010-09-07 12:00:00.0,24,42.47
2010-09-07 13:00:00.0,21,38.72
2010-09-07 14:00:00.0,17,38.42
2010-09-07 15:00:00.0,26,38.47
2010-09-07 16:00:00.0,44,39.02
2010-09-07 17:00:00.0,83,43.6
2010-09-07 18:00:00.0,108,50.04
2010-09-07 19:00:00.0,82,49.15
2010-09-07 20:00:00.0,19,42.66
2010-09-07 21:00:00.0,0,33.27
2010-09-07 22:00:00.0,0,30.62
2010-09-07 23:00:00.0,0,30.54
2010-09-08 00:00:00.0,0,4.25
2010-09-08 01:00:00.0,0,4.13
2010-09-08 02:00:00.0,0,4.07
2010-09-08 03:00:00.0,0,4.16
2010-09-08 04:00:00.0,0,3.94
2010-09-08 05:00:00.0,27,27.32
2010-09-08 06:00:00.0,53,45.89
2010-09-08 07:00:00.0,20,41.34
2010-09-08 08:00:00.0,44,39.74
2010-09-08 09:00:00.0,99,46.1
2010-09-08 10:00:00.0,40,44.3
2010-09-08 11:00:00.0,17,41.73
2010-09-08 12:00:00.0,23,39.1
2010-09-08 13:00:00.0,28,38.79
2010-09-08 14:00:00.0,26,43.22
2010-09-08 15:00:00.0,20,38.68
2010-09-08 16:00:00.0,31,40.11
2010-09-08 17:00:00.0,105,46.78
2010-09-08 18:00:00.0,102,46.37
2010-09-08 19:00:00.0,52,45.2
2010-09-08 20:00:00.0,13,45.75
2010-09-08 21:00:00.0,0,37.26
2010-09-08 22:00:00.0,0,32.76
2010-09-08 23:00:00.0,0,32.03
2010-09-09 00:00:00.0,0,4.19
2010-09-09 01:00:00.0,0,4.17
2010-09-09 02:00:00.0,0,4.11
2010-09-09 03:00:00.0,0,4.22
2010-09-09 04:00:00.0,0,3.94
2010-09-09 05:00:00.0,29,29.02
2010-09-09 06:00:00.0,40,47.77
2010-09-09 07:00:00.0,20,42.08
2010-09-09 08:00:00.0,40,39.71
2010-09-09 09:00:00.0,53,42.22
2010-09-09 10:00:00.0,27,40.01
2010-09-09 11:00:00.0,22,41.68
2010-09-09 12:00:00.0,32,41.36
2010-09-09 13:00:00.0,26,42.7
2010-09-09 14:00:00.0,29,45.54
2010-09-09 15:00:00.0,40,41.99
2010-09-09 16:00:00.0,41,44.16
2010-09-09 17:00:00.0,95,47.35
2010-09-09 18:00:00.0,62,48.59
2010-09-09 19:00:00.0,28,42.82
2010-09-09 20:00:00.0,1,34.8
2010-09-09 21:00:00.0,0,31.26
2010-09-09 22:00:00.0,0,33.1
2010-09-09 23:00:00.0,0,11.01
2010-09-10 00:00:00.0,0,4.14
2010-09-10 01:00:00.0,0,4.31
2010-09-10 02:00:00.0,0,4.08
2010-09-10 03:00:00.0,0,4.22
2010-09-10 04:00:00.0,0,3.98
2010-09-10 05:00:00.0,16,22.52
2010-09-10 06:00:00.0,32,46.1
2010-09-10 07:00:00.0,19,42.29
2010-09-10 08:00:00.0,26,40.81
2010-09-10 09:00:00.0,60,42.94
2010-09-10 10:00:00.0,40,46.59
2010-09-10 11:00:00.0,20,39.87
2010-09-10 12:00:00.0,18,39.1
2010-09-10 13:00:00.0,15,39.7
2010-09-10 14:00:00.0,30,38.99
2010-09-10 15:00:00.0,38,39.02
2010-09-10 16:00:00.0,55,43.68
2010-09-10 17:00:00.0,63,40.51
2010-09-10 18:00:00.0,38,44.42
2010-09-10 19:00:00.0,10,41.07
2010-09-10 20:00:00.0,0,28.0
2010-09-10 21:00:00.0,0,25.26
2010-09-10 22:00:00.0,0,4.17
2010-09-10 23:00:00.0,0,4.25
2010-09-11 00:00:00.0,0,4.2
2010-09-11 01:00:00.0,0,4.17
2010-09-11 02:00:00.0,0,4.12
2010-09-11 03:00:00.0,0,4.21
2010-09-11 04:00:00.0,0,3.97
2010-09-11 05:00:00.0,0,4.21
2010-09-11 06:00:00.0,4,7.31
2010-09-11 07:00:00.0,73,45.79
2010-09-11 08:00:00.0,73,45.84
2010-09-11 09:00:00.0,76,48.66
2010-09-11 10:00:00.0,66,46.83
2010-09-11 11:00:00.0,24,46.13
2010-09-11 12:00:00.0,26,41.55
2010-09-11 13:00:00.0,21,41.12
2010-09-11 14:00:00.0,27,38.78
2010-09-11 15:00:00.0,38,38.39
2010-09-11 16:00:00.0,46,41.37
2010-09-11 17:00:00.0,12,42.69
2010-09-11 18:00:00.0,0,16.27
2010-09-11 19:00:00.0,0,4.21
2010-09-11 20:00:00.0,0,4.3
2010-09-11 21:00:00.0,0,24.07
2010-09-11 22:00:00.0,0,4.51
2010-09-11 23:00:00.0,0,4.21
2010-09-12 00:00:00.0,0,4.21
2010-09-12 01:00:00.0,0,4.17
2010-09-12 02:00:00.0,0,4.2
2010-09-12 03:00:00.0,0,4.06
2010-09-12 04:00:00.0,0,4.06
2010-09-12 05:00:00.0,0,4.14
2010-09-12 06:00:00.0,0,4.07
2010-09-12 07:00:00.0,0,4.14
2010-09-12 08:00:00.0,14,4.48
2010-09-12 09:00:00.0,84,48.55
2010-09-12 10:00:00.0,35,47.46
2010-09-12 11:00:00.0,24,42.86
2010-09-12 12:00:00.0,23,40.02
2010-09-12 13:00:00.0,19,38.84
2010-09-12 14:00:00.0,28,38.88
2010-09-12 15:00:00.0,22,40.7
2010-09-12 16:00:00.0,34,42.66
2010-09-12 17:00:00.0,20,43.53
2010-09-12 18:00:00.0,0,23.27
2010-09-12 19:00:00.0,0,16.17
2010-09-12 20:00:00.0,0,16.09
2010-09-12 21:00:00.0,0,24.43
2010-09-12 22:00:00.0,0,33.05
2010-09-12 23:00:00.0,0,7.44
2010-09-13 00:00:00.0,0,11.53
2010-09-13 01:00:00.0,0,4.19
2010-09-13 02:00:00.0,0,4.16
2010-09-13 03:00:00.0,0,4.2
2010-09-13 04:00:00.0,0,4.07
2010-09-13 05:00:00.0,30,29.95
2010-09-13 06:00:00.0,32,45.73
2010-09-13 07:00:00.0,22,40.4
2010-09-13 08:00:00.0,35,41.53
2010-09-13 09:00:00.0,67,48.08
2010-09-13 10:00:00.0,46,46.78
2010-09-13 11:00:00.0,23,40.01
2010-09-13 12:00:00.0,24,37.66
2010-09-13 13:00:00.0,27,41.35
2010-09-13 14:00:00.0,23,38.76
2010-09-13 15:00:00.0,36,37.6
2010-09-13 16:00:00.0,89,40.06
2010-09-13 17:00:00.0,174,47.83
2010-09-13 18:00:00.0,69,49.08
2010-09-13 19:00:00.0,57,45.61
2010-09-13 20:00:00.0,16,42.24
2010-09-13 21:00:00.0,1,36.3
2010-09-13 22:00:00.0,0,32.75
2010-09-13 23:00:00.0,0,32.46
2010-09-14 00:00:00.0,0,26.28
2010-09-14 01:00:00.0,0,33.36
2010-09-14 02:00:00.0,0,14.67
2010-09-14 03:00:00.0,0,4.2
2010-09-14 04:00:00.0,0,4.25
2010-09-14 05:00:00.0,38,27.43
2010-09-14 06:00:00.0,32,48.0
2010-09-14 07:00:00.0,18,44.48
2010-09-14 08:00:00.0,35,41.59
2010-09-14 09:00:00.0,39,43.14
2010-09-14 10:00:00.0,46,42.96
2010-09-14 11:00:00.0,23,42.98
2010-09-14 12:00:00.0,24,39.69
2010-09-14 13:00:00.0,18,39.12
2010-09-14 14:00:00.0,23,37.84
2010-09-14 15:00:00.0,29,39.79
2010-09-14 16:00:00.0,55,41.3
2010-09-14 17:00:00.0,86,44.64
2010-09-14 18:00:00.0,111,46.87
2010-09-14 19:00:00.0,61,46.05
2010-09-14 20:00:00.0,12,39.6
2010-09-14 21:00:00.0,0,32.57
2010-09-14 22:00:00.0,0,32.22
2010-09-14 23:00:00.0,0,28.29
2010-09-15 00:00:00.0,0,4.84
2010-09-15 01:00:00.0,0,4.15
2010-09-15 02:00:00.0,0,4.23
2010-09-15 03:00:00.0,0,4.07
2010-09-15 04:00:00.0,0,4.16
2010-09-15 05:00:00.0,29,23.36
2010-09-15 06:00:00.0,35,43.23
2010-09-15 07:00:00.0,12,38.88
2010-09-15 08:00:00.0,53,40.87
2010-09-15 09:00:00.0,99,44.06
2010-09-15 10:00:00.0,44,46.4
2010-09-15 11:00:00.0,23,40.13
2010-09-15 12:00:00.0,27,39.51
2010-09-15 13:00:00.0,25,38.35
2010-09-15 14:00:00.0,20,38.51
2010-09-15 15:00:00.0,36,37.85
2010-09-15 16:00:00.0,40,37.71
2010-09-15 17:00:00.0,102,41.27
2010-09-15 18:00:00.0,99,46.1
2010-09-15 19:00:00.0,46,46.27
2010-09-15 20:00:00.0,18,40.14
2010-09-15 21:00:00.0,0,33.79
2010-09-15 22:00:00.0,0,30.34
2010-09-15 23:00:00.0,0,32.67
2010-09-16 00:00:00.0,0,4.19
2010-09-16 01:00:00.0,0,4.14
2010-09-16 02:00:00.0,0,4.15
2010-09-16 03:00:00.0,0,4.07
2010-09-16 04:00:00.0,0,4.18
2010-09-16 05:00:00.0,25,23.69
2010-09-16 06:00:00.0,43,47.4
2010-09-16 07:00:00.0,21,41.4
2010-09-16 08:00:00.0,50,39.26
2010-09-16 09:00:00.0,40,41.09
2010-09-16 10:00:00.0,43,39.13
2010-09-16 11:00:00.0,26,41.5
2010-09-16 12:00:00.0,22,41.39
2010-09-16 13:00:00.0,18,40.21
2010-09-16 14:00:00.0,13,39.17
2010-09-16 15:00:00.0,37,35.83
2010-09-16 16:00:00.0,49,38.82
2010-09-16 17:00:00.0,114,42.34
2010-09-16 18:00:00.0,81,47.18
2010-09-16 19:00:00.0,25,43.06
2010-09-16 20:00:00.0,3,34.85
2010-09-16 21:00:00.0,0,31.75
2010-09-16 22:00:00.0,0,27.64
2010-09-16 23:00:00.0,0,4.21
2010-09-17 00:00:00.0,0,4.18
2010-09-17 01:00:00.0,0,4.17
2010-09-17 02:00:00.0,0,4.16
2010-09-17 03:00:00.0,0,4.15
2010-09-17 04:00:00.0,0,4.16
2010-09-17 05:00:00.0,22,21.97
2010-09-17 06:00:00.0,34,44.54
2010-09-17 07:00:00.0,20,40.29
2010-09-17 08:00:00.0,24,37.7
2010-09-17 09:00:00.0,57,41.15
2010-09-17 10:00:00.0,49,44.28
2010-09-17 11:00:00.0,26,39.9
2010-09-17 12:00:00.0,16,39.08
2010-09-17 13:00:00.0,21,38.63
2010-09-17 14:00:00.0,17,38.4
2010-09-17 15:00:00.0,24,36.93
2010-09-17 16:00:00.0,39,38.99
2010-09-17 17:00:00.0,57,40.58
2010-09-17 18:00:00.0,36,42.29
2010-09-17 19:00:00.0,6,39.59
2010-09-17 20:00:00.0,0,29.77
2010-09-17 21:00:00.0,0,21.68
2010-09-17 22:00:00.0,0,4.33
2010-09-17 23:00:00.0,0,4.26
2010-09-18 00:00:00.0,0,4.2
2010-09-18 01:00:00.0,0,4.16
2010-09-18 02:00:00.0,0,4.28
2010-09-18 03:00:00.0,0,4.15
2010-09-18 04:00:00.0,0,4.25
2010-09-18 05:00:00.0,0,4.25
2010-09-18 06:00:00.0,5,5.53
2010-09-18 07:00:00.0,56,44.5
2010-09-18 08:00:00.0,63,43.59
2010-09-18 09:00:00.0,68,46.58
2010-09-18 10:00:00.0,53,44.63
2010-09-18 11:00:00.0,33,42.65
2010-09-18 12:00:00.0,14,39.49
2010-09-18 13:00:00.0,25,38.13
2010-09-18 14:00:00.0,26,39.31
2010-09-18 15:00:00.0,29,37.13
2010-09-18 16:00:00.0,43,39.31
2010-09-18 17:00:00.0,12,39.95
2010-09-18 18:00:00.0,0,18.03
2010-09-18 19:00:00.0,0,4.17
2010-09-18 20:00:00.0,0,5.4
2010-09-18 21:00:00.0,0,28.71
2010-09-18 22:00:00.0,0,4.22
2010-09-18 23:00:00.0,0,4.19
2010-09-19 00:00:00.0,0,4.13
2010-09-19 01:00:00.0,0,4.05
2010-09-19 02:00:00.0,0,4.25
2010-09-19 03:00:00.0,0,4.11
2010-09-19 04:00:00.0,0,4.16
2010-09-19 05:00:00.0,0,4.19
2010-09-19 06:00:00.0,0,4.08
2010-09-19 07:00:00.0,0,4.15
2010-09-19 08:00:00.0,10,4.32
2010-09-19 09:00:00.0,70,46.85
2010-09-19 10:00:00.0,42,49.53
2010-09-19 11:00:00.0,28,44.08
2010-09-19 12:00:00.0,28,39.05
2010-09-19 13:00:00.0,29,38.88
2010-09-19 14:00:00.0,19,38.25
2010-09-19 15:00:00.0,30,40.85
2010-09-19 16:00:00.0,38,42.18
2010-09-19 17:00:00.0,20,41.79
2010-09-19 18:00:00.0,0,31.27
2010-09-19 19:00:00.0,0,32.17
2010-09-19 20:00:00.0,0,32.5
2010-09-19 21:00:00.0,0,26.23
2010-09-19 22:00:00.0,0,4.18
2010-09-19 23:00:00.0,0,4.2
2010-09-20 00:00:00.0,0,10.95
2010-09-20 01:00:00.0,0,4.18
2010-09-20 02:00:00.0,0,4.1
2010-09-20 03:00:00.0,0,4.14
2010-09-20 04:00:00.0,0,4.16
2010-09-20 05:00:00.0,29,27.68
2010-09-20 06:00:00.0,27,46.41
2010-09-20 07:00:00.0,26,38.56
2010-09-20 08:00:00.0,42,42.46
2010-09-20 09:00:00.0,74,43.48
2010-09-20 10:00:00.0,48,44.0
2010-09-20 11:00:00.0,31,39.37
2010-09-20 12:00:00.0,23,40.36
2010-09-20 13:00:00.0,14,39.08
2010-09-20 14:00:00.0,23,38.92
2010-09-20 15:00:00.0,44,37.36
2010-09-20 16:00:00.0,71,40.72
2010-09-20 17:00:00.0,145,46.05
2010-09-20 18:00:00.0,78,48.88
2010-09-20 19:00:00.0,51,42.32
2010-09-20 20:00:00.0,14,40.21
2010-09-20 21:00:00.0,0,34.32
2010-09-20 22:00:00.0,0,29.9
2010-09-20 23:00:00.0,0,31.78
2010-09-21 00:00:00.0,0,24.64
2010-09-21 01:00:00.0,0,30.43
2010-09-21 02:00:00.0,0,9.82
2010-09-21 03:00:00.0,0,4.21
2010-09-21 04:00:00.0,0,4.22
2010-09-21 05:00:00.0,30,22.82
2010-09-21 06:00:00.0,28,47.68
2010-09-21 07:00:00.0,24,42.0
2010-09-21 08:00:00.0,35,39.46
2010-09-21 09:00:00.0,49,42.79
2010-09-21 10:00:00.0,41,42.49
2010-09-21 11:00:00.0,18,41.02
2010-09-21 12:00:00.0,33,33.6
2010-09-21 13:00:00.0,23,40.28
2010-09-21 14:00:00.0,27,38.91
2010-09-21 15:00:00.0,45,41.43
2010-09-21 16:00:00.0,45,43.26
2010-09-21 17:00:00.0,96,44.28
2010-09-21 18:00:00.0,108,47.65
2010-09-21 19:00:00.0,66,49.12
2010-09-21 20:00:00.0,13,41.99
2010-09-21 21:00:00.0,1,33.94
2010-09-21 22:00:00.0,0,23.53
2010-09-21 23:00:00.0,0,4.21
2010-09-22 00:00:00.0,0,4.25
2010-09-22 01:00:00.0,0,4.02
2010-09-22 02:00:00.0,0,4.14
2010-09-22 03:00:00.0,0,4.22
2010-09-22 04:00:00.0,0,4.18
2010-09-22 05:00:00.0,22,24.19
2010-09-22 06:00:00.0,32,45.38
2010-09-22 07:00:00.0,19,41.88
2010-09-22 08:00:00.0,54,42.66
2010-09-22 09:00:00.0,98,44.73
2010-09-22 10:00:00.0,36,44.07
2010-09-22 11:00:00.0,23,42.21
2010-09-22 12:00:00.0,26,41.56
2010-09-22 13:00:00.0,20,37.81
2010-09-22 14:00:00.0,14,38.28
2010-09-22 15:00:00.0,28,38.4
2010-09-22 16:00:00.0,47,38.2
2010-09-22 17:00:00.0,93,44.18
2010-09-22 18:00:00.0,69,46.92
2010-09-22 19:00:00.0,49,46.62
2010-09-22 20:00:00.0,24,42.35
2010-09-22 21:00:00.0,0,35.46
2010-09-22 22:00:00.0,0,32.37
2010-09-22 23:00:00.0,0,21.07
2010-09-23 00:00:00.0,0,2.54
2010-09-23 01:00:00.0,0,0.0
2010-09-23 02:00:00.0,0,0.0
2010-09-23 03:00:00.0,0,0.0
2010-09-23 04:00:00.0,0,0.0
2010-09-23 05:00:00.0,22,12.63
2010-09-23 06:00:00.0,32,40.45
2010-09-23 07:00:00.0,19,41.33
2010-09-23 08:00:00.0,45,39.16
2010-09-23 09:00:00.0,58,41.55
2010-09-23 10:00:00.0,34,41.07
2010-09-23 11:00:00.0,24,42.95
2010-09-23 12:00:00.0,19,42.33
2010-09-23 13:00:00.0,21,41.07
2010-09-23 14:00:00.0,18,41.08
2010-09-23 15:00:00.0,35,40.94
2010-09-23 16:00:00.0,45,41.96
2010-09-23 17:00:00.0,90,41.47
2010-09-23 18:00:00.0,74,47.24
2010-09-23 19:00:00.0,45,41.61
2010-09-23 20:00:00.0,0,36.32
2010-09-23 21:00:00.0,0,22.53
2010-09-23 22:00:00.0,0,32.5
2010-09-23 23:00:00.0,0,15.49
2010-09-24 00:00:00.0,0,6.13
2010-09-24 01:00:00.0,0,5.49
2010-09-24 02:00:00.0,0,5.51
2010-09-24 03:00:00.0,0,5.63
2010-09-24 04:00:00.0,0,5.54
2010-09-24 05:00:00.0,15,22.64
2010-09-24 06:00:00.0,33,42.83
2010-09-24 07:00:00.0,20,39.28
2010-09-24 08:00:00.0,24,39.16
2010-09-24 09:00:00.0,54,39.06
2010-09-24 10:00:00.0,47,43.07
2010-09-24 11:00:00.0,31,38.69
2010-09-24 12:00:00.0,16,38.89
2010-09-24 13:00:00.0,26,37.76
2010-09-24 14:00:00.0,10,39.28
2010-09-24 15:00:00.0,26,38.36
2010-09-24 16:00:00.0,33,38.31
2010-09-24 17:00:00.0,59,41.78
2010-09-24 18:00:00.0,30,42.86
2010-09-24 19:00:00.0,8,40.69
2010-09-24 20:00:00.0,0,21.74
2010-09-24 21:00:00.0,0,28.93
2010-09-24 22:00:00.0,0,7.24
2010-09-24 23:00:00.0,0,7.04
2010-09-25 00:00:00.0,0,7.19
2010-09-25 01:00:00.0,0,7.22
2010-09-25 02:00:00.0,0,7.15
2010-09-25 03:00:00.0,0,7.11
2010-09-25 04:00:00.0,0,7.13
2010-09-25 05:00:00.0,0,6.95
2010-09-25 06:00:00.0,0,7.31
2010-09-25 07:00:00.0,72,41.6
2010-09-25 08:00:00.0,81,44.64
2010-09-25 09:00:00.0,75,48.63
2010-09-25 10:00:00.0,72,46.41
2010-09-25 11:00:00.0,26,43.12
2010-09-25 12:00:00.0,29,37.91
2010-09-25 13:00:00.0,19,37.23
2010-09-25 14:00:00.0,30,37.89
2010-09-25 15:00:00.0,30,38.34
2010-09-25 16:00:00.0,33,41.0
2010-09-25 17:00:00.0,18,42.16
2010-09-25 18:00:00.0,0,18.83
2010-09-25 19:00:00.0,0,5.65
2010-09-25 20:00:00.0,0,5.6
2010-09-25 21:00:00.0,0,11.88
2010-09-25 22:00:00.0,0,24.09
2010-09-25 23:00:00.0,0,7.14
2010-09-26 00:00:00.0,0,7.46
2010-09-26 01:00:00.0,0,7.25
2010-09-26 02:00:00.0,0,7.22
2010-09-26 03:00:00.0,0,7.26
2010-09-26 04:00:00.0,0,7.15
2010-09-26 05:00:00.0,0,7.01
2010-09-26 06:00:00.0,0,7.26
2010-09-26 07:00:00.0,0,7.1
2010-09-26 08:00:00.0,19,12.2
2010-09-26 09:00:00.0,81,51.0
2010-09-26 10:00:00.0,42,45.94
2010-09-26 11:00:00.0,22,42.74
2010-09-26 12:00:00.0,20,39.29
2010-09-26 13:00:00.0,19,36.88
2010-09-26 14:00:00.0,20,36.52
2010-09-26 15:00:00.0,31,37.35
2010-09-26 16:00:00.0,38,41.5
2010-09-26 17:00:00.0,13,44.05
2010-09-26 18:00:00.0,0,33.36
2010-09-26 19:00:00.0,0,30.39
2010-09-26 20:00:00.0,0,30.58
2010-09-26 21:00:00.0,0,29.95
2010-09-26 22:00:00.0,0,22.07
2010-09-26 23:00:00.0,0,8.16
2010-09-27 00:00:00.0,0,14.39
2010-09-27 01:00:00.0,0,8.22
2010-09-27 02:00:00.0,0,8.22
2010-09-27 03:00:00.0,0,8.12
2010-09-27 04:00:00.0,0,8.12
2010-09-27 05:00:00.0,27,30.11
2010-09-27 06:00:00.0,32,48.49
2010-09-27 07:00:00.0,20,41.67
2010-09-27 08:00:00.0,28,40.48
2010-09-27 09:00:00.0,75,44.32
2010-09-27 10:00:00.0,43,43.12
2010-09-27 11:00:00.0,19,40.49
2010-09-27 12:00:00.0,30,39.18
2010-09-27 13:00:00.0,20,40.34
2010-09-27 14:00:00.0,16,39.73
2010-09-27 15:00:00.0,36,39.44
2010-09-27 16:00:00.0,81,40.67
2010-09-27 17:00:00.0,144,45.04
2010-09-27 18:00:00.0,63,48.49
2010-09-27 19:00:00.0,55,44.12
2010-09-27 20:00:00.0,25,39.89
2010-09-27 21:00:00.0,0,35.76
2010-09-27 22:00:00.0,0,29.39
2010-09-27 23:00:00.0,0,32.0
2010-09-28 00:00:00.0,0,25.84
2010-09-28 01:00:00.0,0,31.01
2010-09-28 02:00:00.0,0,13.38
2010-09-28 03:00:00.0,0,7.1
2010-09-28 04:00:00.0,0,6.94
2010-09-28 05:00:00.0,43,25.93
2010-09-28 06:00:00.0,26,47.7
2010-09-28 07:00:00.0,30,39.76
2010-09-28 08:00:00.0,34,37.46
2010-09-28 09:00:00.0,48,40.23
2010-09-28 10:00:00.0,45,44.37
2010-09-28 11:00:00.0,26,42.54
2010-09-28 12:00:00.0,15,39.67
2010-09-28 13:00:00.0,20,36.89
2010-09-28 14:00:00.0,26,36.88
2010-09-28 15:00:00.0,26,38.58
2010-09-28 16:00:00.0,45,37.76
2010-09-28 17:00:00.0,78,41.77
2010-09-28 18:00:00.0,105,45.17
2010-09-28 19:00:00.0,68,45.79
2010-09-28 20:00:00.0,14,40.31
2010-09-28 21:00:00.0,1,34.13
2010-09-28 22:00:00.0,0,30.99
2010-09-28 23:00:00.0,0,28.74
2010-09-29 00:00:00.0,0,12.21
2010-09-29 01:00:00.0,0,5.47
2010-09-29 02:00:00.0,0,5.45
2010-09-29 03:00:00.0,0,5.48
2010-09-29 04:00:00.0,0,5.38
2010-09-29 05:00:00.0,30,23.89
2010-09-29 06:00:00.0,47,43.89
2010-09-29 07:00:00.0,22,40.89
2010-09-29 08:00:00.0,52,42.13
2010-09-29 09:00:00.0,85,44.27
2010-09-29 10:00:00.0,39,39.53
2010-09-29 11:00:00.0,22,42.8
2010-09-29 12:00:00.0,28,40.0
2010-09-29 13:00:00.0,23,41.56
2010-09-29 14:00:00.0,14,41.17
2010-09-29 15:00:00.0,38,39.82
2010-09-29 16:00:00.0,36,40.85
2010-09-29 17:00:00.0,104,44.29
2010-09-29 18:00:00.0,70,48.39
2010-09-29 19:00:00.0,50,45.25
2010-09-29 20:00:00.0,19,41.89
2010-09-29 21:00:00.0,0,36.48
2010-09-29 22:00:00.0,0,31.03
2010-09-29 23:00:00.0,0,31.94
2010-09-30 00:00:00.0,0,26.01
2010-09-30 01:00:00.0,0,6.24
2010-09-30 02:00:00.0,0,5.44
2010-09-30 03:00:00.0,0,5.46
2010-09-30 04:00:00.0,0,5.32
2010-09-30 05:00:00.0,29,21.02
2010-09-30 06:00:00.0,37,48.42
2010-09-30 07:00:00.0,26,42.48
2010-09-30 08:00:00.0,41,40.4
2010-09-30 09:00:00.0,38,41.12
2010-09-30 10:00:00.0,33,39.75
2010-09-30 11:00:00.0,13,42.12
2010-09-30 12:00:00.0,28,41.87
2010-09-30 13:00:00.0,17,43.61
2010-09-30 14:00:00.0,20,42.34
2010-09-30 15:00:00.0,29,42.22
2010-09-30 16:00:00.0,32,41.93
2010-09-30 17:00:00.0,92,42.64
2010-09-30 18:00:00.0,81,46.96
2010-09-30 19:00:00.0,30,42.69
2010-09-30 20:00:00.0,3,37.27
2010-09-30 21:00:00.0,0,32.11
2010-09-30 22:00:00.0,0,31.37
2010-09-30 23:00:00.0,0,12.99
2010-10-01 00:00:00.0,0,6.87
2010-10-01 01:00:00.0,0,7.09
2010-10-01 02:00:00.0,0,7.06
2010-10-01 03:00:00.0,0,7.12
2010-10-01 04:00:00.0,0,6.84
2010-10-01 05:00:00.0,16,22.51
2010-10-01 06:00:00.0,36,47.1
2010-10-01 07:00:00.0,20,42.97
2010-10-01 08:00:00.0,14,40.27
2010-10-01 09:00:00.0,55,40.7
2010-10-01 10:00:00.0,32,43.64
2010-10-01 11:00:00.0,20,39.34
2010-10-01 12:00:00.0,20,39.68
2010-10-01 13:00:00.0,22,38.34
2010-10-01 14:00:00.0,16,36.87
2010-10-01 15:00:00.0,23,38.31
2010-10-01 16:00:00.0,43,37.11
2010-10-01 17:00:00.0,41,39.48
2010-10-01 18:00:00.0,27,42.6
2010-10-01 19:00:00.0,10,39.62
2010-10-01 20:00:00.0,0,30.19
2010-10-01 21:00:00.0,0,25.36
2010-10-01 22:00:00.0,0,6.16
2010-10-01 23:00:00.0,0,6.52
2010-10-02 00:00:00.0,0,6.34
2010-10-02 01:00:00.0,0,6.38
2010-10-02 02:00:00.0,0,6.28
2010-10-02 03:00:00.0,0,6.45
2010-10-02 04:00:00.0,0,6.11
2010-10-02 05:00:00.0,0,6.45
2010-10-02 06:00:00.0,5,10.17
2010-10-02 07:00:00.0,43,48.17
2010-10-02 08:00:00.0,74,43.29
2010-10-02 09:00:00.0,72,46.8
2010-10-02 10:00:00.0,68,45.05
2010-10-02 11:00:00.0,29,45.5
2010-10-02 12:00:00.0,23,40.57
2010-10-02 13:00:00.0,21,38.69
2010-10-02 14:00:00.0,24,39.71
2010-10-02 15:00:00.0,46,41.13
2010-10-02 16:00:00.0,33,40.6
2010-10-02 17:00:00.0,19,42.31
2010-10-02 18:00:00.0,0,19.92
2010-10-02 19:00:00.0,0,5.54
2010-10-02 20:00:00.0,0,22.91
2010-10-02 21:00:00.0,0,7.85
2010-10-02 22:00:00.0,0,6.2
2010-10-02 23:00:00.0,0,6.41
2010-10-03 00:00:00.0,0,6.64
2010-10-03 01:00:00.0,0,6.37
2010-10-03 02:00:00.0,0,6.36
2010-10-03 03:00:00.0,0,6.33
2010-10-03 04:00:00.0,0,6.19
2010-10-03 05:00:00.0,0,6.4
2010-10-03 06:00:00.0,0,6.4
2010-10-03 07:00:00.0,0,6.27
2010-10-03 08:00:00.0,2,27.79
2010-10-03 09:00:00.0,72,53.9
2010-10-03 10:00:00.0,56,46.33
2010-10-03 11:00:00.0,34,41.72
2010-10-03 12:00:00.0,35,38.72
2010-10-03 13:00:00.0,31,39.44
2010-10-03 14:00:00.0,25,40.16
2010-10-03 15:00:00.0,25,40.51
2010-10-03 16:00:00.0,35,38.92
2010-10-03 17:00:00.0,11,43.41
2010-10-03 18:00:00.0,0,36.74
2010-10-03 19:00:00.0,0,33.21
2010-10-03 20:00:00.0,0,27.83
2010-10-03 21:00:00.0,0,7.3
2010-10-03 22:00:00.0,0,7.06
2010-10-03 23:00:00.0,0,7.29
2010-10-04 00:00:00.0,0,12.75
2010-10-04 01:00:00.0,0,7.24
2010-10-04 02:00:00.0,0,7.22
2010-10-04 03:00:00.0,0,7.21
2010-10-04 04:00:00.0,0,7.16
2010-10-04 05:00:00.0,0,16.7
2010-10-04 06:00:00.0,0,21.09
2010-10-04 07:00:00.0,0,15.23
2010-10-04 08:00:00.0,0,36.45
2010-10-04 09:00:00.0,111,48.38
2010-10-04 10:00:00.0,93,45.91
2010-10-04 11:00:00.0,39,41.02
2010-10-04 12:00:00.0,37,41.91
2010-10-04 13:00:00.0,37,41.39
2010-10-04 14:00:00.0,39,42.21
2010-10-04 15:00:00.0,46,41.05
2010-10-04 16:00:00.0,46,43.12
2010-10-04 17:00:00.0,13,25.98
2010-10-04 18:00:00.0,0,13.31
2010-10-04 19:00:00.0,0,12.48
2010-10-04 20:00:00.0,0,18.74
2010-10-04 21:00:00.0,0,37.06
2010-10-04 22:00:00.0,0,33.83
2010-10-04 23:00:00.0,0,33.2
2010-10-05 00:00:00.0,0,8.46
2010-10-05 01:00:00.0,0,8.66
2010-10-05 02:00:00.0,0,8.59
2010-10-05 03:00:00.0,0,8.57
2010-10-05 04:00:00.0,0,18.06
2010-10-05 05:00:00.0,30,44.54
2010-10-05 06:00:00.0,15,44.98
2010-10-05 07:00:00.0,11,40.59
2010-10-05 08:00:00.0,17,43.65
2010-10-05 09:00:00.0,45,43.93
2010-10-05 10:00:00.0,29,43.21
2010-10-05 11:00:00.0,22,40.35
2010-10-05 12:00:00.0,25,40.28
2010-10-05 13:00:00.0,18,39.99
2010-10-05 14:00:00.0,20,39.08
2010-10-05 15:00:00.0,33,40.7
2010-10-05 16:00:00.0,49,41.9
2010-10-05 17:00:00.0,91,48.8
2010-10-05 18:00:00.0,92,48.54
2010-10-05 19:00:00.0,69,40.51
2010-10-05 20:00:00.0,29,36.57
2010-10-05 21:00:00.0,0,30.94
2010-10-05 22:00:00.0,0,27.61
2010-10-05 23:00:00.0,0,7.63
2010-10-06 00:00:00.0,0,7.91
2010-10-06 01:00:00.0,0,7.63
2010-10-06 02:00:00.0,0,7.57
2010-10-06 03:00:00.0,0,7.55
2010-10-06 04:00:00.0,0,27.05
2010-10-06 05:00:00.0,22,46.94
2010-10-06 06:00:00.0,45,43.41
2010-10-06 07:00:00.0,24,40.75
2010-10-06 08:00:00.0,29,41.47
2010-10-06 09:00:00.0,70,45.15
2010-10-06 10:00:00.0,29,41.67
2010-10-06 11:00:00.0,27,39.91
2010-10-06 12:00:00.0,17,38.3
2010-10-06 13:00:00.0,21,38.38
2010-10-06 14:00:00.0,21,37.91
2010-10-06 15:00:00.0,32,38.94
2010-10-06 16:00:00.0,46,42.22
2010-10-06 17:00:00.0,108,46.8
2010-10-06 18:00:00.0,77,46.74
2010-10-06 19:00:00.0,46,41.58
2010-10-06 20:00:00.0,20,34.7
2010-10-06 21:00:00.0,0,5.47
2010-10-06 22:00:00.0,0,29.91
2010-10-06 23:00:00.0,0,26.7
2010-10-07 00:00:00.0,0,8.48
2010-10-07 01:00:00.0,0,8.66
2010-10-07 02:00:00.0,0,8.7
2010-10-07 03:00:00.0,0,8.56
2010-10-07 04:00:00.0,0,25.04
2010-10-07 05:00:00.0,18,46.28
2010-10-07 06:00:00.0,23,41.89
2010-10-07 07:00:00.0,20,39.63
2010-10-07 08:00:00.0,38,40.83
2010-10-07 09:00:00.0,31,38.93
2010-10-07 10:00:00.0,35,42.85
2010-10-07 11:00:00.0,23,42.04
2010-10-07 12:00:00.0,25,41.75
2010-10-07 13:00:00.0,31,41.3
2010-10-07 14:00:00.0,14,40.66
2010-10-07 15:00:00.0,30,40.77
2010-10-07 16:00:00.0,51,42.49
2010-10-07 17:00:00.0,98,46.72
2010-10-07 18:00:00.0,70,43.46
2010-10-07 19:00:00.0,48,36.93
2010-10-07 20:00:00.0,2,32.0
2010-10-07 21:00:00.0,0,31.47
2010-10-07 22:00:00.0,0,30.63
2010-10-07 23:00:00.0,0,7.71
2010-10-08 00:00:00.0,0,7.27
2010-10-08 01:00:00.0,0,7.56
2010-10-08 02:00:00.0,0,7.52
2010-10-08 03:00:00.0,0,7.44
2010-10-08 04:00:00.0,0,36.4
2010-10-08 05:00:00.0,16,45.16
2010-10-08 06:00:00.0,30,43.16
2010-10-08 07:00:00.0,21,40.05
2010-10-08 08:00:00.0,14,42.7
2010-10-08 09:00:00.0,45,44.94
2010-10-08 10:00:00.0,30,41.23
2010-10-08 11:00:00.0,23,40.5
2010-10-08 12:00:00.0,14,38.65
2010-10-08 13:00:00.0,21,40.12
2010-10-08 14:00:00.0,32,38.98
2010-10-08 15:00:00.0,36,40.88
2010-10-08 16:00:00.0,44,40.98
2010-10-08 17:00:00.0,57,46.57
2010-10-08 18:00:00.0,34,40.06
2010-10-08 19:00:00.0,10,23.19
2010-10-08 20:00:00.0,0,26.7
2010-10-08 21:00:00.0,0,6.15
2010-10-08 22:00:00.0,0,6.41
2010-10-08 23:00:00.0,0,6.39
2010-10-09 00:00:00.0,0,6.43
2010-10-09 01:00:00.0,0,6.31
2010-10-09 02:00:00.0,0,6.44
2010-10-09 03:00:00.0,0,6.08
2010-10-09 04:00:00.0,0,6.34
2010-10-09 05:00:00.0,0,9.44
2010-10-09 06:00:00.0,4,48.66
2010-10-09 07:00:00.0,47,41.78
2010-10-09 08:00:00.0,65,44.93
2010-10-09 09:00:00.0,65,46.29
2010-10-09 10:00:00.0,65,44.15
2010-10-09 11:00:00.0,28,38.77
2010-10-09 12:00:00.0,41,37.99
2010-10-09 13:00:00.0,21,38.24
2010-10-09 14:00:00.0,34,39.71
2010-10-09 15:00:00.0,41,38.49
2010-10-09 16:00:00.0,57,40.99
2010-10-09 17:00:00.0,12,17.4
2010-10-09 18:00:00.0,0,4.17
2010-10-09 19:00:00.0,0,7.94
2010-10-09 20:00:00.0,0,29.71
2010-10-09 21:00:00.0,0,6.24
2010-10-09 22:00:00.0,0,6.45
2010-10-09 23:00:00.0,0,6.36
2010-10-10 00:00:00.0,0,6.99
2010-10-10 01:00:00.0,0,6.42
2010-10-10 02:00:00.0,0,6.33
2010-10-10 03:00:00.0,0,6.26
2010-10-10 04:00:00.0,0,6.39
2010-10-10 05:00:00.0,0,6.33
2010-10-10 06:00:00.0,0,6.3
2010-10-10 07:00:00.0,0,6.52
2010-10-10 08:00:00.0,13,49.41
2010-10-10 09:00:00.0,91,48.95
2010-10-10 10:00:00.0,46,44.93
2010-10-10 11:00:00.0,35,43.11
2010-10-10 12:00:00.0,29,39.76
2010-10-10 13:00:00.0,26,39.48
2010-10-10 14:00:00.0,33,38.72
2010-10-10 15:00:00.0,31,40.78
2010-10-10 16:00:00.0,32,42.19
2010-10-10 17:00:00.0,17,33.12
2010-10-10 18:00:00.0,0,33.31
2010-10-10 19:00:00.0,0,33.41
2010-10-10 20:00:00.0,0,32.96
2010-10-10 21:00:00.0,0,19.87
2010-10-10 22:00:00.0,0,8.49
2010-10-10 23:00:00.0,0,8.56
2010-10-11 00:00:00.0,0,14.37
2010-10-11 01:00:00.0,0,8.45
2010-10-11 02:00:00.0,0,8.49
2010-10-11 03:00:00.0,0,8.28
2010-10-11 04:00:00.0,0,31.34
2010-10-11 05:00:00.0,21,48.6
2010-10-11 06:00:00.0,35,42.13
2010-10-11 07:00:00.0,16,41.2
2010-10-11 08:00:00.0,27,45.21
2010-10-11 09:00:00.0,62,45.24
2010-10-11 10:00:00.0,36,42.38
2010-10-11 11:00:00.0,21,40.74
2010-10-11 12:00:00.0,18,39.57
2010-10-11 13:00:00.0,18,39.49
2010-10-11 14:00:00.0,25,37.85
2010-10-11 15:00:00.0,40,41.92
2010-10-11 16:00:00.0,73,49.0
2010-10-11 17:00:00.0,153,49.51
2010-10-11 18:00:00.0,75,44.32
2010-10-11 19:00:00.0,54,42.75
2010-10-11 20:00:00.0,32,35.74
2010-10-11 21:00:00.0,0,29.89
2010-10-11 22:00:00.0,0,31.7
2010-10-11 23:00:00.0,0,32.44
2010-10-12 00:00:00.0,0,28.37
2010-10-12 01:00:00.0,0,31.21
2010-10-12 02:00:00.0,0,10.96
2010-10-12 03:00:00.0,0,7.55
2010-10-12 04:00:00.0,0,30.36
2010-10-12 05:00:00.0,40,47.82
2010-10-12 06:00:00.0,31,40.87
2010-10-12 07:00:00.0,16,39.57
2010-10-12 08:00:00.0,32,43.48
2010-10-12 09:00:00.0,47,44.31
2010-10-12 10:00:00.0,37,42.86
2010-10-12 11:00:00.0,22,38.4
2010-10-12 12:00:00.0,18,37.68
2010-10-12 13:00:00.0,21,38.84
2010-10-12 14:00:00.0,25,38.83
2010-10-12 15:00:00.0,35,39.47
2010-10-12 16:00:00.0,51,42.76
2010-10-12 17:00:00.0,86,46.41
2010-10-12 18:00:00.0,91,49.18
2010-10-12 19:00:00.0,68,42.32
2010-10-12 20:00:00.0,22,37.46
2010-10-12 21:00:00.0,0,31.85
2010-10-12 22:00:00.0,0,33.76
2010-10-12 23:00:00.0,0,33.01
2010-10-13 00:00:00.0,0,8.67
2010-10-13 01:00:00.0,0,8.49
2010-10-13 02:00:00.0,0,8.52
2010-10-13 03:00:00.0,0,8.35
2010-10-13 04:00:00.0,0,25.17
2010-10-13 05:00:00.0,26,46.11
2010-10-13 06:00:00.0,31,41.68
2010-10-13 07:00:00.0,16,40.42
2010-10-13 08:00:00.0,31,42.79
2010-10-13 09:00:00.0,98,44.4
2010-10-13 10:00:00.0,31,39.01
2010-10-13 11:00:00.0,18,38.22
2010-10-13 12:00:00.0,17,38.82
2010-10-13 13:00:00.0,22,37.72
2010-10-13 14:00:00.0,16,37.76
2010-10-13 15:00:00.0,45,39.22
2010-10-13 16:00:00.0,47,42.78
2010-10-13 17:00:00.0,108,46.01
2010-10-13 18:00:00.0,63,44.65
2010-10-13 19:00:00.0,47,38.91
2010-10-13 20:00:00.0,10,31.12
2010-10-13 21:00:00.0,3,23.09
2010-10-13 22:00:00.0,0,31.99
2010-10-13 23:00:00.0,0,18.38
2010-10-14 00:00:00.0,0,8.44
2010-10-14 01:00:00.0,0,8.64
2010-10-14 02:00:00.0,0,8.74
2010-10-14 03:00:00.0,0,8.64
2010-10-14 04:00:00.0,0,26.66
2010-10-14 05:00:00.0,31,46.75
2010-10-14 06:00:00.0,26,41.18
2010-10-14 07:00:00.0,18,39.44
2010-10-14 08:00:00.0,38,41.48
2010-10-14 09:00:00.0,42,40.55
2010-10-14 10:00:00.0,27,42.33
2010-10-14 11:00:00.0,22,40.65
2010-10-14 12:00:00.0,12,40.01
2010-10-14 13:00:00.0,22,39.31
2010-10-14 14:00:00.0,25,40.03
2010-10-14 15:00:00.0,42,40.93
2010-10-14 16:00:00.0,52,42.65
2010-10-14 17:00:00.0,88,46.82
2010-10-14 18:00:00.0,65,43.48
2010-10-14 19:00:00.0,43,37.72
2010-10-14 20:00:00.0,3,32.46
2010-10-14 21:00:00.0,0,31.73
2010-10-14 22:00:00.0,0,31.84
2010-10-14 23:00:00.0,0,9.64
2010-10-15 00:00:00.0,0,7.33
2010-10-15 01:00:00.0,0,7.69
2010-10-15 02:00:00.0,0,7.67
2010-10-15 03:00:00.0,0,7.67
2010-10-15 04:00:00.0,0,24.13
2010-10-15 05:00:00.0,20,45.05
2010-10-15 06:00:00.0,40,41.64
2010-10-15 07:00:00.0,20,40.33
2010-10-15 08:00:00.0,27,42.47
2010-10-15 09:00:00.0,70,43.42
2010-10-15 10:00:00.0,43,38.12
2010-10-15 11:00:00.0,20,38.02
2010-10-15 12:00:00.0,21,38.21
2010-10-15 13:00:00.0,15,38.07
2010-10-15 14:00:00.0,27,37.71
2010-10-15 15:00:00.0,40,38.22
2010-10-15 16:00:00.0,44,39.99
2010-10-15 17:00:00.0,51,43.1
2010-10-15 18:00:00.0,41,40.78
2010-10-15 19:00:00.0,12,25.13
2010-10-15 20:00:00.0,0,25.82
2010-10-15 21:00:00.0,0,6.46
2010-10-15 22:00:00.0,0,6.4
2010-10-15 23:00:00.0,0,6.44
2010-10-16 00:00:00.0,0,6.92
2010-10-16 01:00:00.0,0,6.4
2010-10-16 02:00:00.0,0,6.34
2010-10-16 03:00:00.0,0,6.4
2010-10-16 04:00:00.0,0,6.36
2010-10-16 05:00:00.0,0,12.11
2010-10-16 06:00:00.0,3,47.63
2010-10-16 07:00:00.0,60,43.37
2010-10-16 08:00:00.0,71,45.41
2010-10-16 09:00:00.0,67,46.46
2010-10-16 10:00:00.0,72,43.64
2010-10-16 11:00:00.0,33,39.29
2010-10-16 12:00:00.0,23,39.14
2010-10-16 13:00:00.0,24,40.18
2010-10-16 14:00:00.0,32,37.49
2010-10-16 15:00:00.0,35,39.44
2010-10-16 16:00:00.0,40,41.27
2010-10-16 17:00:00.0,19,32.46
2010-10-16 18:00:00.0,0,33.27
2010-10-16 19:00:00.0,0,32.69
2010-10-16 20:00:00.0,0,25.54
2010-10-16 21:00:00.0,0,8.59
2010-10-16 22:00:00.0,0,8.52
2010-10-16 23:00:00.0,0,8.4
2010-10-17 00:00:00.0,0,8.47
2010-10-17 01:00:00.0,0,8.35
2010-10-17 02:00:00.0,0,8.36
2010-10-17 03:00:00.0,0,8.5
2010-10-17 04:00:00.0,0,8.36
2010-10-17 05:00:00.0,0,8.36
2010-10-17 06:00:00.0,0,8.38
2010-10-17 07:00:00.0,0,8.39
2010-10-17 08:00:00.0,0,46.65
2010-10-17 09:00:00.0,93,49.59
2010-10-17 10:00:00.0,51,45.43
2010-10-17 11:00:00.0,30,40.01
2010-10-17 12:00:00.0,28,38.3
2010-10-17 13:00:00.0,17,37.72
2010-10-17 14:00:00.0,28,37.72
2010-10-17 15:00:00.0,26,38.92
2010-10-17 16:00:00.0,43,39.16
2010-10-17 17:00:00.0,16,31.76
2010-10-17 18:00:00.0,0,33.03
2010-10-17 19:00:00.0,0,33.17
2010-10-17 20:00:00.0,0,32.6
2010-10-17 21:00:00.0,0,10.54
2010-10-17 22:00:00.0,0,8.62
2010-10-17 23:00:00.0,0,8.5
2010-10-18 00:00:00.0,0,14.64
2010-10-18 01:00:00.0,0,8.48
2010-10-18 02:00:00.0,0,8.43
2010-10-18 03:00:00.0,0,8.39
2010-10-18 04:00:00.0,0,32.07
2010-10-18 05:00:00.0,20,46.43
2010-10-18 06:00:00.0,25,40.68
2010-10-18 07:00:00.0,17,39.96
2010-10-18 08:00:00.0,36,39.6
2010-10-18 09:00:00.0,55,40.03
2010-10-18 10:00:00.0,48,42.37
2010-10-18 11:00:00.0,21,40.03
2010-10-18 12:00:00.0,31,37.68
2010-10-18 13:00:00.0,27,36.96
2010-10-18 14:00:00.0,20,38.36
2010-10-18 15:00:00.0,34,42.53
2010-10-18 16:00:00.0,65,49.74
2010-10-18 17:00:00.0,137,51.18
2010-10-18 18:00:00.0,76,43.03
2010-10-18 19:00:00.0,45,41.96
2010-10-18 20:00:00.0,29,36.23
2010-10-18 21:00:00.0,0,29.94
2010-10-18 22:00:00.0,0,32.06
2010-10-18 23:00:00.0,0,32.25
2010-10-19 00:00:00.0,0,26.25
2010-10-19 01:00:00.0,0,31.74
2010-10-19 02:00:00.0,0,32.62
2010-10-19 03:00:00.0,0,19.3
2010-10-19 04:00:00.0,0,28.94
2010-10-19 05:00:00.0,31,48.91
2010-10-19 06:00:00.0,36,41.52
2010-10-19 07:00:00.0,17,39.25
2010-10-19 08:00:00.0,24,41.08
2010-10-19 09:00:00.0,49,43.79
2010-10-19 10:00:00.0,35,43.35
2010-10-19 11:00:00.0,25,39.42
2010-10-19 12:00:00.0,24,40.1
2010-10-19 13:00:00.0,21,39.42
2010-10-19 14:00:00.0,25,39.09
2010-10-19 15:00:00.0,37,39.93
2010-10-19 16:00:00.0,40,41.99
2010-10-19 17:00:00.0,98,47.87
2010-10-19 18:00:00.0,90,46.02
2010-10-19 19:00:00.0,70,39.84
2010-10-19 20:00:00.0,21,35.18
2010-10-19 21:00:00.0,0,28.94
2010-10-19 22:00:00.0,0,30.92
2010-10-19 23:00:00.0,0,15.3
2010-10-20 00:00:00.0,0,8.49
2010-10-20 01:00:00.0,0,8.43
2010-10-20 02:00:00.0,0,8.44
2010-10-20 03:00:00.0,0,8.5
2010-10-20 04:00:00.0,0,30.51
2010-10-20 05:00:00.0,20,45.26
2010-10-20 06:00:00.0,33,41.28
2010-10-20 07:00:00.0,20,40.65
2010-10-20 08:00:00.0,43,43.4
2010-10-20 09:00:00.0,101,43.55
2010-10-20 10:00:00.0,47,40.02
2010-10-20 11:00:00.0,18,39.99
2010-10-20 12:00:00.0,21,38.14
2010-10-20 13:00:00.0,19,37.79
2010-10-20 14:00:00.0,26,38.66
2010-10-20 15:00:00.0,30,40.26
2010-10-20 16:00:00.0,39,39.69
2010-10-20 17:00:00.0,106,46.33
2010-10-20 18:00:00.0,57,46.17
2010-10-20 19:00:00.0,50,40.45
2010-10-20 20:00:00.0,18,34.71
2010-10-20 21:00:00.0,0,13.4
2010-10-20 22:00:00.0,0,32.47
2010-10-20 23:00:00.0,0,15.21
2010-10-21 00:00:00.0,0,8.44
2010-10-21 01:00:00.0,0,8.6
2010-10-21 02:00:00.0,0,8.6
2010-10-21 03:00:00.0,0,8.54
2010-10-21 04:00:00.0,0,25.74
2010-10-21 05:00:00.0,33,46.79
2010-10-21 06:00:00.0,22,40.17
2010-10-21 07:00:00.0,15,40.56
2010-10-21 08:00:00.0,34,41.35
2010-10-21 09:00:00.0,46,40.24
2010-10-21 10:00:00.0,39,42.27
2010-10-21 11:00:00.0,17,41.02
2010-10-21 12:00:00.0,23,40.24
2010-10-21 13:00:00.0,14,39.0
2010-10-21 14:00:00.0,19,39.53
2010-10-21 15:00:00.0,34,41.39
2010-10-21 16:00:00.0,45,43.4
2010-10-21 17:00:00.0,103,49.04
2010-10-21 18:00:00.0,69,39.73
2010-10-21 19:00:00.0,42,36.41
2010-10-21 20:00:00.0,1,31.84
2010-10-21 21:00:00.0,0,31.29
2010-10-21 22:00:00.0,0,27.72
2010-10-21 23:00:00.0,0,7.58
2010-10-22 00:00:00.0,0,7.23
2010-10-22 01:00:00.0,0,7.55
2010-10-22 02:00:00.0,0,7.56
2010-10-22 03:00:00.0,0,7.61
2010-10-22 04:00:00.0,0,26.94
2010-10-22 05:00:00.0,18,45.6
2010-10-22 06:00:00.0,34,41.8
2010-10-22 07:00:00.0,20,39.64
2010-10-22 08:00:00.0,25,39.96
2010-10-22 09:00:00.0,58,43.19
2010-10-22 10:00:00.0,46,39.58
2010-10-22 11:00:00.0,24,37.08
2010-10-22 12:00:00.0,16,37.03
2010-10-22 13:00:00.0,21,38.29
2010-10-22 14:00:00.0,17,36.99
2010-10-22 15:00:00.0,31,39.7
2010-10-22 16:00:00.0,35,39.24
2010-10-22 17:00:00.0,45,42.2
2010-10-22 18:00:00.0,31,37.69
2010-10-22 19:00:00.0,12,31.86
2010-10-22 20:00:00.0,0,23.94
2010-10-22 21:00:00.0,0,6.26
2010-10-22 22:00:00.0,0,6.31
2010-10-22 23:00:00.0,0,6.29
2010-10-23 00:00:00.0,0,6.26
2010-10-23 01:00:00.0,0,6.25
2010-10-23 02:00:00.0,0,6.3
2010-10-23 03:00:00.0,0,6.27
2010-10-23 04:00:00.0,0,6.35
2010-10-23 05:00:00.0,0,6.42
2010-10-23 06:00:00.0,5,47.55
2010-10-23 07:00:00.0,49,43.37
2010-10-23 08:00:00.0,83,47.76
2010-10-23 09:00:00.0,56,43.08
2010-10-23 10:00:00.0,69,42.5
2010-10-23 11:00:00.0,22,38.05
2010-10-23 12:00:00.0,28,37.41
2010-10-23 13:00:00.0,19,36.48
2010-10-23 14:00:00.0,22,36.41
2010-10-23 15:00:00.0,39,38.64
2010-10-23 16:00:00.0,41,37.95
2010-10-23 17:00:00.0,17,15.6
2010-10-23 18:00:00.0,0,4.26
2010-10-23 19:00:00.0,0,6.39
2010-10-23 20:00:00.0,0,28.97
2010-10-23 21:00:00.0,0,6.5
2010-10-23 22:00:00.0,0,6.46
2010-10-23 23:00:00.0,0,6.44
2010-10-24 00:00:00.0,0,6.84
2010-10-24 01:00:00.0,0,6.39
2010-10-24 02:00:00.0,0,6.43
2010-10-24 03:00:00.0,0,6.36
2010-10-24 04:00:00.0,0,6.45
2010-10-24 05:00:00.0,0,6.36
2010-10-24 06:00:00.0,0,6.34
2010-10-24 07:00:00.0,0,7.96
2010-10-24 08:00:00.0,13,51.29
2010-10-24 09:00:00.0,83,46.67
2010-10-24 10:00:00.0,53,44.14
2010-10-24 11:00:00.0,26,38.87
2010-10-24 12:00:00.0,39,40.86
2010-10-24 13:00:00.0,28,38.86
2010-10-24 14:00:00.0,30,38.45
2010-10-24 15:00:00.0,48,41.55
2010-10-24 16:00:00.0,40,43.81
2010-10-24 17:00:00.0,19,31.38
2010-10-24 18:00:00.0,0,29.17
2010-10-24 19:00:00.0,0,29.44
2010-10-24 20:00:00.0,0,32.92
2010-10-24 21:00:00.0,0,20.66
2010-10-24 22:00:00.0,0,8.41
2010-10-24 23:00:00.0,0,8.41
2010-10-25 00:00:00.0,0,14.66
2010-10-25 01:00:00.0,0,8.36
2010-10-25 02:00:00.0,0,8.37
2010-10-25 03:00:00.0,0,8.35
2010-10-25 04:00:00.0,0,28.85
2010-10-25 05:00:00.0,28,47.09
2010-10-25 06:00:00.0,33,43.82
2010-10-25 07:00:00.0,21,41.76
2010-10-25 08:00:00.0,31,44.15
2010-10-25 09:00:00.0,67,42.6
2010-10-25 10:00:00.0,45,39.93
2010-10-25 11:00:00.0,21,41.35
2010-10-25 12:00:00.0,18,38.53
2010-10-25 13:00:00.0,23,37.92
2010-10-25 14:00:00.0,35,38.3
2010-10-25 15:00:00.0,34,40.7
2010-10-25 16:00:00.0,81,47.22
2010-10-25 17:00:00.0,137,48.52
2010-10-25 18:00:00.0,56,41.67
2010-10-25 19:00:00.0,53,40.11
2010-10-25 20:00:00.0,34,36.51
2010-10-25 21:00:00.0,1,30.54
2010-10-25 22:00:00.0,0,32.34
2010-10-25 23:00:00.0,0,32.67
2010-10-26 00:00:00.0,0,31.88
2010-10-26 01:00:00.0,0,31.59
2010-10-26 02:00:00.0,0,32.0
2010-10-26 03:00:00.0,0,18.7
2010-10-26 04:00:00.0,0,25.75
2010-10-26 05:00:00.0,36,47.49
2010-10-26 06:00:00.0,33,42.87
2010-10-26 07:00:00.0,24,42.63
2010-10-26 08:00:00.0,30,43.57
2010-10-26 09:00:00.0,65,46.0
2010-10-26 10:00:00.0,49,44.56
2010-10-26 11:00:00.0,25,38.84
2010-10-26 12:00:00.0,12,38.73
2010-10-26 13:00:00.0,22,38.96
2010-10-26 14:00:00.0,33,41.07
2010-10-26 15:00:00.0,34,42.45
2010-10-26 16:00:00.0,53,45.44
2010-10-26 17:00:00.0,112,49.63
2010-10-26 18:00:00.0,102,48.81
2010-10-26 19:00:00.0,59,39.84
2010-10-26 20:00:00.0,27,33.19
2010-10-26 21:00:00.0,0,5.53
2010-10-26 22:00:00.0,0,7.94
2010-10-26 23:00:00.0,0,31.5
2010-10-27 00:00:00.0,0,19.2
2010-10-27 01:00:00.0,0,8.53
2010-10-27 02:00:00.0,0,8.62
2010-10-27 03:00:00.0,0,8.43
2010-10-27 04:00:00.0,0,24.54
2010-10-27 05:00:00.0,33,46.03
2010-10-27 06:00:00.0,51,42.04
2010-10-27 07:00:00.0,23,40.98
2010-10-27 08:00:00.0,35,42.25
2010-10-27 09:00:00.0,90,43.77
2010-10-27 10:00:00.0,45,39.97
2010-10-27 11:00:00.0,11,39.49
2010-10-27 12:00:00.0,19,39.1
2010-10-27 13:00:00.0,19,39.61
2010-10-27 14:00:00.0,22,39.4
2010-10-27 15:00:00.0,41,40.69
2010-10-27 16:00:00.0,38,42.78
2010-10-27 17:00:00.0,110,45.23
2010-10-27 18:00:00.0,78,46.47
2010-10-27 19:00:00.0,44,40.56
2010-10-27 20:00:00.0,16,33.1
2010-10-27 21:00:00.0,0,19.09
2010-10-27 22:00:00.0,0,32.45
2010-10-27 23:00:00.0,0,15.09
2010-10-28 00:00:00.0,0,8.23
2010-10-28 01:00:00.0,0,8.27
2010-10-28 02:00:00.0,0,8.42
2010-10-28 03:00:00.0,0,8.39
2010-10-28 04:00:00.0,0,25.49
2010-10-28 05:00:00.0,28,45.51
2010-10-28 06:00:00.0,24,41.24
2010-10-28 07:00:00.0,20,39.73
2010-10-28 08:00:00.0,44,42.98
2010-10-28 09:00:00.0,45,41.63
2010-10-28 10:00:00.0,46,43.5
2010-10-28 11:00:00.0,21,42.86
2010-10-28 12:00:00.0,18,41.84
2010-10-28 13:00:00.0,24,39.31
2010-10-28 14:00:00.0,22,38.14
2010-10-28 15:00:00.0,41,42.17
2010-10-28 16:00:00.0,42,42.11
2010-10-28 17:00:00.0,89,47.09
2010-10-28 18:00:00.0,75,42.58
2010-10-28 19:00:00.0,49,38.63
2010-10-28 20:00:00.0,8,29.1
2010-10-28 21:00:00.0,0,27.5
2010-10-28 22:00:00.0,0,7.68
2010-10-28 23:00:00.0,0,7.48
2010-10-29 00:00:00.0,0,13.49
2010-10-29 01:00:00.0,0,7.44
2010-10-29 02:00:00.0,0,7.69
2010-10-29 03:00:00.0,0,7.61
2010-10-29 04:00:00.0,0,23.12
2010-10-29 05:00:00.0,17,43.38
2010-10-29 06:00:00.0,37,39.53
2010-10-29 07:00:00.0,18,37.99
2010-10-29 08:00:00.0,20,39.25
2010-10-29 09:00:00.0,70,42.57
2010-10-29 10:00:00.0,37,39.75
2010-10-29 11:00:00.0,20,37.84
2010-10-29 12:00:00.0,20,35.5
2010-10-29 13:00:00.0,16,36.56
2010-10-29 14:00:00.0,18,39.48
2010-10-29 15:00:00.0,36,39.52
2010-10-29 16:00:00.0,42,41.24
2010-10-29 17:00:00.0,46,43.36
2010-10-29 18:00:00.0,40,40.71
2010-10-29 19:00:00.0,17,31.59
2010-10-29 20:00:00.0,0,31.58
2010-10-29 21:00:00.0,0,31.02
2010-10-29 22:00:00.0,0,31.01
2010-10-29 23:00:00.0,0,31.06
2010-10-30 00:00:00.0,0,30.77
2010-10-30 01:00:00.0,0,31.07
2010-10-30 02:00:00.0,0,31.38
2010-10-30 03:00:00.0,0,31.22
2010-10-30 04:00:00.0,0,31.29
2010-10-30 05:00:00.0,0,31.6
2010-10-30 06:00:00.0,7,49.09
2010-10-30 07:00:00.0,56,43.15
2010-10-30 08:00:00.0,89,47.14
2010-10-30 09:00:00.0,65,43.87
2010-10-30 10:00:00.0,49,43.14
2010-10-30 11:00:00.0,24,38.46
2010-10-30 12:00:00.0,34,36.52
2010-10-30 13:00:00.0,15,35.85
2010-10-30 14:00:00.0,26,36.63
2010-10-30 15:00:00.0,31,37.71
2010-10-30 16:00:00.0,38,39.58
2010-10-30 17:00:00.0,22,30.18
2010-10-30 18:00:00.0,0,27.8
2010-10-30 19:00:00.0,0,27.81
2010-10-30 20:00:00.0,0,28.89
2010-10-30 21:00:00.0,0,30.02
2010-10-30 22:00:00.0,0,29.84
2010-10-30 23:00:00.0,0,29.84
2010-10-31 00:00:00.0,0,30.32
2010-10-31 01:00:00.0,0,29.72
2010-10-31 02:00:00.0,0,29.83
2010-10-31 03:00:00.0,0,29.85
2010-10-31 04:00:00.0,0,29.86
2010-10-31 05:00:00.0,0,29.89
2010-10-31 06:00:00.0,0,29.74
2010-10-31 07:00:00.0,0,30.13
2010-10-31 08:00:00.0,8,50.91
2010-10-31 09:00:00.0,87,46.9
2010-10-31 10:00:00.0,64,47.5
2010-10-31 11:00:00.0,28,40.57
2010-10-31 12:00:00.0,29,37.73
2010-10-31 13:00:00.0,29,37.78
2010-10-31 14:00:00.0,23,37.38
2010-10-31 15:00:00.0,27,38.57
2010-10-31 16:00:00.0,45,42.1
2010-10-31 17:00:00.0,13,31.44
2010-10-31 18:00:00.0,0,28.99
2010-10-31 19:00:00.0,0,29.02
2010-10-31 20:00:00.0,0,29.32
2010-10-31 21:00:00.0,0,32.04
2010-10-31 22:00:00.0,0,32.01
2010-10-31 23:00:00.0,0,32.0